date,real_price,real_dividend,real_earnings
1871.01,97.25,5.69,8.76
1871.02,95.64,5.53,8.50
1871.03,96.55,5.45,8.38
1871.04,103.03,5.65,8.69
1871.05,108.10,5.78,8.90
1871.06,108.90,5.87,9.04
1871.07,106.87,5.87,9.04
1871.08,109.95,5.97,9.18
1871.09,108.50,5.83,8.97
1871.10,101.31,5.74,8.83
1871.11,102.41,5.74,8.83
1871.12,102.26,5.61,8.63
1872.01,104.85,5.68,8.68
1872.02,105.28,5.75,8.74
1872.03,107.12,5.74,8.66
1872.04,107.70,5.68,8.52
1872.05,107.70,5.75,8.58
1872.06,107.44,5.86,8.69
1872.07,108.40,6.02,8.87
1872.08,106.33,6.05,8.86
1872.09,103.67,6.07,8.85
1872.10,106.42,6.28,9.10
1872.11,102.92,6.17,8.89
1872.12,106.97,6.33,9.07
1873.01,107.81,6.38,9.12
1873.02,106.31,6.30,8.98
1873.03,105.48,6.35,9.03
1873.04,104.04,6.40,9.08
1873.05,106.54,6.59,9.34
1873.06,108.25,6.85,9.67
1873.07,108.03,6.90,9.73
1873.08,108.03,6.96,9.78
1873.09,99.77,7.01,9.84
1873.10,93.20,7.23,10.12
1873.11,92.74,7.52,10.50
1873.12,99.08,7.40,10.31
1874.01,102.85,7.28,10.15
1874.02,105.94,7.28,10.15
1874.03,104.40,7.28,10.15
1874.04,103.12,7.40,10.31
1874.05,101.22,7.46,10.39
1874.06,103.20,7.64,10.64
1874.07,102.38,7.57,10.56
1874.08,103.43,7.64,10.64
1874.09,105.05,7.64,10.64
1874.10,106.54,7.76,10.82
1874.11,108.37,7.83,10.91
1874.12,107.66,7.83,10.91
1875.01,107.66,7.77,10.71
1875.02,107.42,7.71,10.51
1875.03,108.84,7.65,10.32
1875.04,109.36,7.53,10.04
1875.05,107.78,7.66,10.09
1875.06,107.42,7.73,10.05
1875.07,107.66,7.66,9.85
1875.08,107.23,7.54,9.56
1875.09,107.17,7.54,9.44
1875.10,105.45,7.48,9.24
1875.11,108.09,7.48,9.11
1875.12,109.03,7.49,8.98
1876.01,112.26,7.55,8.89
1876.02,113.77,7.55,8.73
1876.03,113.51,7.55,8.56
1876.04,110.20,7.62,8.46
1876.05,110.03,7.90,8.60
1876.06,112.34,8.12,8.66
1876.07,110.98,8.12,8.48
1876.08,105.39,8.04,8.22
1876.09,98.03,7.97,7.97
1876.10,95.73,7.83,7.65
1876.11,93.06,7.75,7.41
1876.12,90.90,7.62,7.11
1877.01,88.57,7.26,7.03
1877.02,85.57,7.22,7.26
1877.03,85.01,7.31,7.64
1877.04,76.69,6.87,7.48
1877.05,75.32,6.51,7.39
1877.06,73.90,6.63,7.85
1877.07,76.43,6.32,7.82
1877.08,84.97,6.32,8.17
1877.09,91.14,6.12,8.30
1877.10,93.11,5.86,8.35
1877.11,93.54,5.72,8.56
1877.12,93.25,5.45,8.61
1878.01,96.14,5.60,8.90
1878.02,95.05,5.63,9.02
1878.03,98.90,5.72,9.23
1878.04,102.74,5.76,9.36
1878.05,106.48,5.92,9.70
1878.06,111.19,6.03,9.94
1878.07,112.19,5.94,9.86
1878.08,109.99,5.84,9.78
1878.09,112.22,5.82,9.80
1878.10,112.19,5.86,9.94
1878.11,113.14,5.90,10.08
1878.12,115.11,6.01,10.34
1879.01,118.07,5.99,10.42
1879.02,120.97,5.98,10.49
1879.03,120.38,6.10,10.80
1879.04,125.78,6.23,11.12
1879.05,131.45,6.28,11.32
1879.06,133.68,6.41,11.65
1879.07,134.79,6.40,11.70
1879.08,135.79,6.45,11.90
1879.09,136.05,6.29,11.69
1879.10,142.86,6.00,11.24
1879.11,142.89,5.75,10.85
1879.12,138.40,5.63,10.69
1880.01,139.64,5.60,10.64
1880.02,142.10,5.74,10.88
1880.03,143.47,5.82,11.03
1880.04,145.72,6.19,11.72
1880.05,138.25,6.52,12.34
1880.06,141.69,6.80,12.87
1880.07,148.20,6.95,13.14
1880.08,153.52,7.10,13.41
1880.09,151.66,7.17,13.54
1880.10,156.06,7.32,13.81
1880.11,162.59,7.39,13.94
1880.12,167.57,7.46,14.06
1881.01,179.40,7.68,14.08
1881.02,177.04,7.75,13.82
1881.03,179.04,7.89,13.70
1881.04,176.71,7.95,13.45
1881.05,186.51,8.18,13.46
1881.06,188.80,8.32,13.34
1881.07,180.40,8.38,13.09
1881.08,172.72,8.36,12.72
1881.09,167.60,8.18,12.13
1881.10,163.39,8.24,11.91
1881.11,165.99,8.45,11.91
1881.12,161.16,8.58,11.80
1882.01,158.75,8.58,11.78
1882.02,153.83,8.50,11.64
1882.03,153.56,8.50,11.62
1882.04,152.15,8.42,11.50
1882.05,148.94,8.35,11.37
1882.06,146.83,8.27,11.24
1882.07,156.51,8.35,11.33
1882.08,159.75,8.27,11.20
1882.09,165.78,8.50,11.49
1882.10,162.77,8.58,11.58
1882.11,157.27,8.66,11.66
1882.12,159.59,8.74,11.75
1883.01,158.77,8.77,11.68
1883.02,153.75,8.71,11.50
1883.03,157.13,8.81,11.55
1883.04,161.95,8.92,11.59
1883.05,160.74,9.03,11.63
1883.06,166.99,9.33,11.91
1883.07,167.77,9.54,12.08
1883.08,160.16,9.57,12.00
1883.09,163.58,9.69,12.05
1883.10,159.14,9.71,11.98
1883.11,163.19,9.84,12.03
1883.12,157.96,9.76,11.83
1884.01,153.23,9.71,11.61
1884.02,157.37,9.66,11.39
1884.03,156.78,9.61,11.17
1884.04,152.83,9.76,11.18
1884.05,143.47,9.93,11.18
1884.06,137.60,9.87,10.95
1884.07,139.10,9.93,10.84
1884.08,147.83,9.88,10.60
1884.09,144.73,9.93,10.48
1884.10,141.55,9.99,10.36
1884.11,141.84,10.16,10.35
1884.12,143.14,10.22,10.22
1885.01,139.84,10.03,10.12
1885.02,142.49,9.73,9.89
1885.03,146.14,9.76,10.01
1885.04,144.13,9.46,9.79
1885.05,145.83,9.48,9.90
1885.06,148.65,9.51,10.03
1885.07,152.35,9.20,9.79
1885.08,160.89,8.99,9.68
1885.09,160.75,8.90,9.68
1885.10,170.08,8.70,9.57
1885.11,178.99,8.40,9.34
1885.12,173.49,8.01,9.01
1886.01,177.62,8.14,9.39
1886.02,181.04,8.09,9.56
1886.03,179.42,8.12,9.85
1886.04,179.16,8.16,10.15
1886.05,180.05,8.31,10.58
1886.06,190.68,8.35,10.90
1886.07,191.17,8.19,10.94
1886.08,190.23,8.03,10.98
1886.09,195.18,7.97,11.16
1886.10,200.14,7.91,11.34
1886.11,205.10,7.85,11.51
1886.12,197.35,7.70,11.55
1887.01,190.60,7.60,11.36
1887.02,187.01,7.60,11.31
1887.03,191.40,7.68,11.39
1887.04,195.79,7.76,11.48
1887.05,199.16,7.85,11.56
1887.06,195.73,8.03,11.78
1887.07,193.25,8.21,12.01
1887.08,186.16,8.20,11.96
1887.09,185.99,8.38,12.19
1887.10,177.62,8.37,12.13
1887.11,178.91,8.35,12.07
1887.12,173.81,8.25,11.87
1888.01,173.14,8.10,11.47
1888.02,174.14,8.14,11.32
1888.03,167.54,8.08,11.05
1888.04,170.16,8.12,10.90
1888.05,174.52,8.16,10.74
1888.06,171.13,8.20,10.59
1888.07,173.51,8.04,10.18
1888.08,177.22,7.99,9.90
1888.09,181.61,7.93,9.62
1888.10,178.50,7.78,9.23
1888.11,172.82,7.64,8.85
1888.12,169.52,7.59,8.57
1889.01,178.99,7.83,8.99
1889.02,183.22,7.89,9.22
1889.03,181.61,7.96,9.45
1889.04,181.26,7.93,9.56
1889.05,190.81,8.10,9.92
1889.06,194.04,8.07,10.04
1889.07,190.09,8.04,10.16
1889.08,192.60,8.01,10.28
1889.09,194.83,7.88,10.27
1889.10,191.29,7.85,10.39
1889.11,189.52,7.82,10.51
1889.12,186.16,7.70,10.50
1890.01,192.96,7.89,10.73
1890.02,190.81,7.89,10.70
1890.03,189.37,7.89,10.67
1890.04,193.32,7.89,10.64
1890.05,199.08,7.79,10.48
1890.06,197.66,7.79,10.45
1890.07,196.25,7.79,10.42
1890.08,184.80,7.51,10.02
1890.09,179.59,7.43,9.87
1890.10,171.48,7.43,9.85
1890.11,162.83,7.61,10.05
1890.12,159.02,7.61,10.03
1891.01,169.36,7.70,10.29
1891.02,169.39,7.61,10.31
1891.03,164.30,7.51,10.33
1891.04,167.77,7.43,10.35
1891.05,169.08,7.51,10.62
1891.06,169.71,7.70,11.02
1891.07,168.97,7.79,11.31
1891.08,174.64,7.79,11.45
1891.09,191.17,7.89,11.75
1891.10,191.17,7.89,11.90
1891.11,190.68,7.99,12.20
1891.12,196.49,7.99,12.35
1892.01,205.32,8.26,12.76
1892.02,205.70,8.32,12.86
1892.03,213.48,8.61,13.29
1892.04,215.97,8.79,13.57
1892.05,215.97,8.85,13.67
1892.06,214.81,8.92,13.76
1892.07,209.16,8.75,13.50
1892.08,209.42,8.69,13.41
1892.09,204.21,8.76,13.51
1892.10,208.31,8.82,13.60
1892.11,202.31,8.66,13.35
1892.12,197.62,8.61,13.27
1893.01,193.94,8.32,12.47
1893.02,188.21,8.26,12.01
1893.03,185.81,8.49,11.98
1893.04,188.10,8.62,11.81
1893.05,173.59,8.76,11.63
1893.06,169.58,9.01,11.59
1893.07,157.81,9.28,11.55
1893.08,160.37,9.70,11.66
1893.09,164.99,9.34,10.85
1893.10,167.69,9.25,10.37
1893.11,174.84,9.53,10.30
1893.12,171.00,9.69,10.08
1894.01,172.16,9.83,10.03
1894.02,177.01,9.83,9.83
1894.03,187.55,9.98,9.77
1894.04,190.04,9.84,9.43
1894.05,182.97,9.70,9.08
1894.06,180.48,9.56,8.73
1894.07,176.73,9.43,8.39
1894.08,178.22,9.02,7.81
1894.09,178.54,8.77,7.37
1894.10,177.90,8.88,7.24
1894.11,177.90,8.74,6.90
1894.12,178.81,8.73,6.65
1895.01,176.73,8.66,6.97
1895.02,174.24,8.60,7.28
1895.03,174.24,8.52,7.59
1895.04,174.15,8.10,7.57
1895.05,181.20,7.93,7.76
1895.06,182.24,7.75,7.95
1895.07,185.52,7.79,8.35
1895.08,190.89,7.84,8.77
1895.09,192.08,7.77,9.07
1895.10,189.30,7.70,9.37
1895.11,182.92,7.64,9.66
1895.12,174.58,7.68,10.10
1896.01,175.03,7.76,10.11
1896.02,185.05,7.83,10.12
1896.03,182.14,7.80,9.98
1896.04,186.51,7.88,9.99
1896.05,188.43,7.96,9.99
1896.06,187.81,8.04,10.00
1896.07,175.64,8.01,9.86
1896.08,165.64,7.97,9.71
1896.09,174.33,7.93,9.56
1896.10,173.00,7.67,9.14
1896.11,179.54,7.41,8.74
1896.12,172.98,7.38,8.61
1897.01,178.07,7.60,9.21
1897.02,176.38,7.60,9.57
1897.03,176.80,7.60,9.92
1897.04,173.87,7.71,10.42
1897.05,177.38,7.83,10.94
1897.06,185.64,7.83,11.30
1897.07,193.90,7.83,11.66
1897.08,197.53,7.49,11.51
1897.09,201.26,7.27,11.52
1897.10,197.57,7.38,12.02
1897.11,190.60,7.38,12.37
1897.12,194.70,7.38,12.71
1898.01,200.03,7.45,12.84
1898.02,196.81,7.41,12.80
1898.03,187.92,7.48,12.93
1898.04,184.69,7.55,13.07
1898.05,183.86,7.11,12.33
1898.06,204.49,7.68,13.34
1898.07,208.23,7.86,13.66
1898.08,216.02,7.92,13.80
1898.09,215.61,7.99,13.94
1898.10,211.10,8.06,14.07
1898.11,218.07,8.13,14.21
1898.12,228.33,8.08,14.14
1899.01,245.71,8.11,14.58
1899.02,248.02,7.93,14.61
1899.03,251.56,7.96,15.03
1899.04,251.26,7.88,15.25
1899.05,240.79,7.92,15.67
1899.06,232.22,7.84,15.88
1899.07,237.10,7.77,16.08
1899.08,239.98,7.70,16.27
1899.09,228.47,7.44,16.05
1899.10,224.59,7.38,16.23
1899.11,226.05,7.32,16.42
1899.12,208.11,7.26,16.59
1900.01,210.88,7.52,16.59
1900.02,212.12,7.69,16.40
1900.03,213.83,7.94,16.40
1900.04,216.57,8.20,16.40
1900.05,211.35,8.66,16.80
1900.06,207.58,9.03,17.00
1900.07,205.05,9.19,16.80
1900.08,210.42,9.56,17.00
1900.09,202.95,9.71,16.80
1900.10,212.90,10.10,17.00
1900.11,229.55,10.36,17.00
1900.12,246.40,10.76,17.22
1901.01,250.45,10.69,17.06
1901.02,260.03,10.88,17.33
1901.03,269.36,10.94,17.40
1901.04,295.65,11.14,17.68
1901.05,280.76,11.20,17.74
1901.06,308.72,11.26,17.80
1901.07,284.42,11.18,17.64
1901.08,284.81,11.10,17.47
1901.09,279.93,11.02,17.32
1901.10,276.78,11.08,17.38
1901.11,279.33,11.00,17.23
1901.12,271.56,10.93,17.08
1902.01,280.71,11.09,17.66
1902.02,283.13,11.12,18.04
1902.03,283.47,11.15,18.41
1902.04,289.66,11.04,18.56
1902.05,285.58,10.94,18.71
1902.06,280.59,10.84,18.85
1902.07,286.93,10.87,19.21
1902.08,298.07,11.03,19.81
1902.09,295.27,10.93,19.94
1902.10,267.28,10.24,18.97
1902.11,265.65,10.61,19.96
1902.12,256.64,10.52,20.09
1903.01,266.75,10.46,19.60
1903.02,265.18,10.51,19.34
1903.03,263.45,10.92,19.73
1903.04,252.69,10.98,19.46
1903.05,253.57,11.29,19.63
1903.06,239.55,11.34,19.35
1903.07,228.54,11.40,19.07
1903.08,221.20,11.45,18.79
1903.09,213.38,11.38,18.30
1903.10,208.86,11.57,18.24
1903.11,211.99,11.76,18.17
1903.12,221.78,11.81,17.89
1904.01,220.31,11.43,17.37
1904.02,209.56,11.07,16.87
1904.03,211.29,11.09,16.95
1904.04,218.99,11.10,17.04
1904.05,219.42,11.25,17.33
1904.06,219.76,11.14,17.22
1904.07,228.87,11.03,17.10
1904.08,233.88,10.79,16.79
1904.09,241.42,10.55,16.49
1904.10,255.60,10.44,16.38
1904.11,263.40,10.10,15.90
1904.12,265.98,9.99,15.80
1905.01,271.78,10.05,16.28
1905.02,283.71,10.10,16.76
1905.03,295.08,10.27,17.44
1905.04,291.50,10.33,17.93
1905.05,280.34,10.50,18.63
1905.06,283.63,10.55,19.13
1905.07,292.54,10.61,19.62
1905.08,299.97,10.54,19.89
1905.09,304.41,10.72,20.61
1905.10,308.70,10.77,21.11
1905.11,303.56,10.70,21.36
1905.12,307.57,10.64,21.60
1906.01,318.21,10.83,21.84
1906.02,315.95,11.02,22.08
1906.03,308.21,11.20,22.33
1906.04,304.02,11.39,22.57
1906.05,292.67,11.45,22.56
1906.06,296.50,11.64,22.80
1906.07,298.80,12.23,23.83
1906.08,313.69,12.14,23.53
1906.09,319.77,12.19,23.51
1906.10,303.46,12.11,23.24
1906.11,306.37,12.16,23.22
1906.12,300.36,12.21,23.20
1907.01,294.95,12.44,23.19
1907.02,279.68,12.28,22.45
1907.03,254.88,12.52,22.44
1907.04,256.10,12.62,22.18
1907.05,242.10,12.45,21.47
1907.06,231.91,12.42,21.00
1907.07,240.79,12.52,20.76
1907.08,222.74,12.62,20.51
1907.09,220.38,12.72,20.26
1907.10,194.41,12.69,19.81
1907.11,190.78,13.33,20.40
1907.12,204.91,13.72,20.58
1908.01,215.99,13.77,20.60
1908.02,210.42,13.81,20.62
1908.03,219.02,13.71,20.40
1908.04,228.28,13.45,19.97
1908.05,240.58,13.35,19.76
1908.06,240.90,13.24,19.55
1908.07,247.01,13.00,19.13
1908.08,257.61,12.89,18.92
1908.09,254.81,12.79,18.71
1908.10,255.15,12.55,18.31
1908.11,269.53,12.31,17.91
1908.12,272.74,12.08,17.52
1909.01,276.55,12.31,18.16
1909.02,265.79,12.28,18.42
1909.03,269.41,12.38,18.88
1909.04,275.69,12.23,18.93
1909.05,281.95,12.20,19.18
1909.06,284.03,12.17,19.42
1909.07,288.09,12.27,19.85
1909.08,292.10,12.24,20.09
1909.09,289.49,12.22,20.31
1909.10,284.98,12.07,20.34
1909.11,280.86,12.05,20.55
1909.12,281.47,12.02,20.77
1910.01,278.10,12.21,20.90
1910.02,268.17,12.28,20.83
1910.03,269.61,12.11,20.37
1910.04,260.65,12.07,20.11
1910.05,261.24,12.37,20.43
1910.06,251.06,12.55,20.55
1910.07,238.37,12.62,20.49
1910.08,246.54,12.81,20.61
1910.09,250.64,13.01,20.75
1910.10,270.12,13.48,21.30
1910.11,275.40,13.83,21.67
1910.12,267.71,13.90,21.59
1911.01,274.21,13.90,21.25
1911.02,287.85,14.35,21.57
1911.03,281.49,14.20,20.99
1911.04,289.43,14.66,21.31
1911.05,295.66,14.66,20.95
1911.06,301.59,14.66,20.58
1911.07,297.11,14.50,20.00
1911.08,274.08,14.05,19.03
1911.09,256.46,13.90,18.49
1911.10,257.94,13.90,18.14
1911.11,271.09,14.05,17.98
1911.12,275.15,14.20,17.82
1912.01,272.58,14.07,17.91
1912.02,267.41,13.95,17.99
1912.03,269.54,13.69,17.90
1912.04,269.77,13.31,17.63
1912.05,269.49,13.34,17.89
1912.06,272.16,13.49,18.32
1912.07,272.44,13.52,18.59
1912.08,275.96,13.41,18.66
1912.09,274.67,13.30,18.73
1912.10,274.12,13.32,18.99
1912.11,271.05,13.35,19.24
1912.12,263.87,13.50,19.69
1913.01,259.07,13.37,19.34
1913.02,249.88,13.37,19.17
1913.03,245.15,13.37,19.01
1913.04,244.87,13.37,18.85
1913.05,240.64,13.51,18.88
1913.06,226.20,13.37,18.53
1913.07,226.95,13.24,18.18
1913.08,233.02,13.24,18.02
1913.09,232.87,13.10,17.68
1913.10,225.50,13.10,17.52
1913.11,217.59,12.97,17.19
1913.12,219.49,13.10,17.20
1914.01,228.50,12.97,16.95
1914.02,233.84,12.96,16.87
1914.03,229.43,12.82,16.61
1914.04,226.20,12.81,16.53
1914.05,225.30,12.55,16.11
1914.06,224.19,12.41,15.86
1914.07,209.67,12.15,15.45
1914.08,205.56,11.78,14.90
1914.09,205.56,11.64,14.65
1914.10,207.59,11.62,14.55
1914.11,205.56,11.38,14.16
1914.12,198.67,11.35,14.06
1915.01,202.18,11.37,14.87
1915.02,201.48,11.51,15.83
1915.03,208.75,11.65,16.82
1915.04,222.22,11.56,17.47
1915.05,214.89,11.47,18.11
1915.06,217.32,11.49,18.92
1915.07,216.51,11.51,19.73
1915.08,225.70,11.53,20.54
1915.09,234.08,11.56,21.35
1915.10,244.63,11.46,21.95
1915.11,250.74,11.38,22.53
1915.12,251.27,11.40,23.32
1916.01,244.92,11.57,24.52
1916.02,241.50,11.86,25.94
1916.03,238.42,12.03,27.09
1916.04,233.60,12.19,28.25
1916.05,236.52,12.35,29.37
1916.06,236.60,12.51,30.46
1916.07,233.32,12.79,31.83
1916.08,232.93,12.94,32.89
1916.09,238.08,12.97,33.65
1916.10,241.11,13.01,34.35
1916.11,242.38,13.04,35.04
1916.12,230.64,13.18,36.01
1917.01,223.30,13.32,35.21
1917.02,205.43,13.23,33.85
1917.03,211.80,13.48,33.40
1917.04,198.69,13.07,31.35
1917.05,188.97,13.10,30.41
1917.06,189.84,13.13,29.51
1917.07,187.48,13.56,29.52
1917.08,179.13,13.58,28.62
1917.09,166.68,13.50,27.57
1917.10,155.31,13.51,26.73
1917.11,142.37,13.74,26.31
1917.12,135.51,13.75,25.51
1918.01,140.60,13.26,24.49
1918.02,143.86,12.97,23.85
1918.03,141.96,12.87,23.56
1918.04,138.62,12.50,22.74
1918.05,140.08,12.05,21.82
1918.06,138.36,11.70,21.08
1918.07,135.78,11.21,20.09
1918.08,134.37,10.81,19.27
1918.09,131.11,10.43,18.48
1918.10,134.11,10.07,17.71
1918.11,134.99,9.71,16.98
1918.12,130.71,9.43,16.38
1919.01,129.88,9.38,16.30
1919.02,132.79,9.49,16.51
1919.03,135.17,9.32,16.23
1919.04,137.16,9.10,15.86
1919.05,144.90,8.94,15.59
1919.06,148.78,8.88,15.51
1919.07,149.21,8.58,14.98
1919.08,136.81,8.38,14.65
1919.09,138.19,8.28,14.49
1919.10,142.84,8.10,14.18
1919.11,135.62,7.87,13.80
1919.12,128.85,7.66,13.43
1920.01,124.90,7.47,13.00
1920.02,113.40,7.37,12.72
1920.03,120.15,7.28,12.44
1920.04,115.66,7.04,11.92
1920.05,106.82,6.91,11.61
1920.06,103.45,6.79,11.30
1920.07,103.82,6.80,11.21
1920.08,102.21,6.95,11.34
1920.09,107.43,7.03,11.36
1920.10,108.10,7.04,11.27
1920.11,103.13,7.06,11.18
1920.12,95.83,7.18,11.26
1921.01,102.16,7.27,10.88
1921.02,104.75,7.44,10.61
1921.03,102.64,7.42,10.03
1921.04,104.22,7.44,9.50
1921.05,109.82,7.55,9.06
1921.06,101.60,7.52,8.45
1921.07,100.72,7.42,7.75
1921.08,99.48,7.35,7.09
1921.09,103.12,7.37,6.51
1921.10,104.52,7.31,5.85
1921.11,110.77,7.28,5.22
1921.12,115.36,7.26,4.58
1922.01,117.92,7.50,5.22
1922.02,120.51,7.56,5.76
1922.03,126.53,7.72,6.38
1922.04,134.21,7.79,6.92
1922.05,139.44,7.86,7.47
1922.06,138.14,7.93,8.01
1922.07,138.29,7.95,8.50
1922.08,145.22,8.11,9.16
1922.09,149.00,8.18,9.70
1922.10,151.38,8.20,10.19
1922.11,143.00,8.22,10.67
1922.12,141.83,8.24,11.15
1923.01,144.63,8.32,11.61
1923.02,150.80,8.34,12.00
1923.03,153.24,8.37,12.39
1923.04,147.00,8.35,12.71
1923.05,140.06,8.37,13.10
1923.06,133.93,8.35,13.41
1923.07,127.93,8.28,13.64
1923.08,129.32,8.35,14.10
1923.09,129.36,8.33,14.40
1923.10,126.72,8.31,14.70
1923.11,130.50,8.34,15.08
1923.12,134.92,8.36,15.46
1924.01,139.34,8.39,15.40
1924.02,140.79,8.46,15.42
1924.03,138.90,8.54,15.45
1924.04,136.50,8.62,15.47
1924.05,136.02,8.64,15.40
1924.06,138.59,8.67,15.34
1924.07,144.16,8.65,15.18
1924.08,149.99,8.72,15.20
1924.09,147.68,8.70,15.05
1924.10,144.91,8.68,14.89
1924.11,153.01,8.70,14.83
1924.12,160.33,8.68,14.68
1925.01,166.96,8.75,15.10
1925.02,169.36,8.86,15.61
1925.03,163.96,8.88,15.94
1925.04,163.17,8.99,16.46
1925.05,167.43,9.01,16.77
1925.06,168.48,8.97,17.00
1925.07,171.21,8.93,17.23
1925.08,173.52,9.00,17.63
1925.09,177.53,9.06,18.05
1925.10,183.39,9.13,18.46
1925.11,185.95,9.04,18.55
1925.12,190.03,9.15,19.06
1926.01,192.93,9.27,19.05
1926.02,193.24,9.38,19.03
1926.03,181.13,9.55,19.14
1926.04,175.09,9.61,19.02
1926.05,177.30,9.78,19.11
1926.06,186.78,9.95,19.20
1926.07,196.87,10.18,19.41
1926.08,205.85,10.36,19.50
1926.09,207.79,10.41,19.38
1926.10,201.96,10.47,19.27
1926.11,203.44,10.53,19.14
1926.12,208.07,10.64,19.13
1927.01,209.04,10.87,19.17
1927.02,214.32,11.03,19.11
1927.03,218.88,11.20,19.06
1927.04,224.24,11.31,18.89
1927.05,230.64,11.35,18.61
1927.06,230.97,11.32,18.23
1927.07,240.18,11.63,18.37
1927.08,254.43,11.80,18.30
1927.09,267.32,11.84,18.04
1927.10,261.71,11.87,17.76
1927.11,269.22,12.05,17.69
1927.12,275.53,12.15,17.52
1928.01,276.63,12.26,17.88
1928.02,276.52,12.51,18.44
1928.03,291.36,12.61,18.79
1928.04,309.72,12.72,19.16
1928.05,317.45,12.75,19.40
1928.06,303.66,12.93,19.88
1928.07,305.89,13.04,20.24
1928.08,315.79,13.14,20.59
1928.09,334.07,13.10,20.70
1928.10,342.84,13.28,21.19
1928.11,366.01,13.39,21.54
1928.12,369.59,13.57,22.03
1929.01,396.89,13.73,22.34
1929.02,398.97,13.89,22.64
1929.03,408.38,14.13,23.09
1929.04,408.37,14.38,23.54
1929.05,412.07,14.45,23.70
1929.06,417.49,14.53,23.87
1929.07,449.43,14.52,23.89
1929.08,474.99,14.68,24.19
1929.09,493.93,14.83,24.49
1929.10,441.70,14.99,24.81
1929.11,324.76,15.15,25.11
1929.12,339.67,15.40,25.55
1930.01,346.60,15.50,24.86
1930.02,370.48,15.60,24.14
1930.03,386.73,15.71,23.42
1930.04,408.86,15.63,22.43
1930.05,386.73,15.74,21.69
1930.06,349.70,15.84,20.96
1930.07,346.35,16.05,20.34
1930.08,343.98,16.16,19.57
1930.09,341.75,16.08,18.58
1930.10,296.50,16.19,17.82
1930.11,276.67,16.30,17.03
1930.12,263.00,16.62,16.45
1931.01,274.38,16.60,16.14
1931.02,299.09,16.58,15.82
1931.03,306.78,16.45,15.40
1931.04,279.34,16.32,14.97
1931.05,255.69,16.30,14.63
1931.06,250.77,16.27,14.28
1931.07,259.08,16.03,13.74
1931.08,251.31,15.79,13.20
1931.09,215.31,15.65,12.74
1931.10,187.80,15.51,12.28
1931.11,192.96,15.48,11.89
1931.12,157.82,15.33,11.41
1932.01,158.46,15.14,11.33
1932.02,159.35,14.84,11.17
1932.03,161.07,14.43,10.92
1932.04,123.34,14.01,10.67
1932.05,109.80,13.68,10.50
1932.06,95.75,13.25,10.24
1932.07,100.57,12.71,9.90
1932.08,152.28,12.27,9.64
1932.09,168.28,11.82,9.37
1932.10,146.15,11.36,9.10
1932.11,145.81,10.89,8.83
1932.12,142.13,10.42,8.54
1933.01,150.05,10.48,8.73
1933.02,134.35,10.53,8.92
1933.03,134.98,10.51,9.05
1933.04,149.28,10.40,9.10
1933.05,192.19,10.29,9.15
1933.06,223.35,10.10,9.14
1933.07,234.03,9.69,8.91
1933.08,220.68,9.51,8.89
1933.09,218.82,9.41,8.94
1933.10,197.51,9.31,9.00
1933.11,202.27,9.20,9.05
1933.12,206.20,9.10,9.10
1934.01,217.99,9.12,9.19
1934.02,232.36,9.07,9.20
1934.03,220.46,9.08,9.29
1934.04,224.15,9.10,9.37
1934.05,201.37,9.12,9.46
1934.06,202.51,9.07,9.47
1934.07,192.94,9.08,9.56
1934.08,185.40,9.10,9.64
1934.09,178.25,8.98,9.59
1934.10,180.99,9.07,9.74
1934.11,186.05,9.08,9.82
1934.12,188.66,9.17,9.98
1935.01,185.88,9.03,11.44
1935.02,178.95,8.97,12.95
1935.03,167.59,8.97,14.55
1935.04,178.84,8.84,14.97
1935.05,192.88,8.77,15.50
1935.06,201.66,8.77,16.14
1935.07,212.22,8.77,15.81
1935.08,226.57,8.77,15.48
1935.09,231.36,8.77,15.14
1935.10,237.53,8.97,15.14
1935.11,257.97,9.10,15.03
1935.12,257.97,9.30,15.03
1936.01,272.21,9.50,15.23
1936.02,287.84,9.69,15.43
1936.03,296.12,9.96,15.74
1936.04,296.52,10.30,16.34
1936.05,280.77,10.63,16.94
1936.06,290.61,10.88,17.41
1936.07,305.61,11.20,17.68
1936.08,309.47,11.51,17.94
1936.09,312.98,11.90,18.33
1936.10,329.36,12.61,18.85
1936.11,338.52,13.33,19.37
1936.12,332.67,14.04,19.89
1937.01,340.58,14.13,20.33
1937.02,350.64,14.33,20.91
1937.03,347.79,14.42,21.34
1937.04,324.74,14.89,21.57
1937.05,308.08,15.36,21.80
1937.06,296.51,15.93,22.18
1937.07,311.98,15.38,22.34
1937.08,315.18,14.94,22.66
1937.09,268.70,14.40,22.81
1937.10,229.62,14.59,22.25
1937.11,210.87,14.87,21.84
1937.12,208.92,15.17,21.42
1938.01,217.44,15.25,20.70
1938.02,213.76,15.23,19.81
1938.03,199.62,15.10,18.78
1938.04,190.14,14.74,17.37
1938.05,193.23,14.59,16.20
1938.06,197.69,14.33,14.91
1938.07,236.99,13.81,13.94
1938.08,238.35,13.30,12.97
1938.09,227.50,12.78,12.00
1938.10,254.67,11.90,12.22
1938.11,254.87,10.92,12.35
1938.12,247.46,9.95,12.48
1939.01,243.75,10.01,12.94
1939.02,243.54,10.15,13.49
1939.03,243.35,10.21,13.94
1939.04,214.25,10.35,14.38
1939.05,222.16,10.42,14.71
1939.06,226.12,10.48,15.03
1939.07,231.66,10.68,15.36
1939.08,228.29,10.88,15.69
1939.09,247.25,10.84,15.68
1939.10,251.55,11.31,16.38
1939.11,247.07,11.70,16.97
1939.12,241.22,12.09,17.55
1940.01,241.58,12.24,18.27
1940.02,238.29,12.22,18.72
1940.03,236.93,12.29,19.31
1940.04,239.27,12.42,19.63
1940.05,206.31,12.55,19.96
1940.06,187.23,12.59,20.14
1940.07,194.81,12.81,20.54
1940.08,198.90,12.94,20.80
1940.09,207.29,13.07,21.06
1940.10,209.24,13.07,20.87
1940.11,214.11,13.07,20.67
1940.12,203.88,12.97,20.33
1941.01,204.27,13.04,20.39
1941.02,191.49,13.10,20.46
1941.03,191.29,13.07,20.38
1941.04,184.04,13.05,20.43
1941.05,178.78,13.02,20.48
1941.06,181.26,12.81,20.24
1941.07,190.54,12.88,20.86
1941.08,187.07,12.76,21.19
1941.09,185.14,12.66,21.51
1941.10,175.40,12.55,21.06
1941.11,166.11,12.53,20.74
1941.12,154.29,12.51,20.43
1942.01,155.28,12.23,19.48
1942.02,149.46,12.04,18.66
1942.03,139.57,11.77,17.75
1942.04,132.94,11.53,17.30
1942.05,132.82,11.22,16.75
1942.06,139.52,11.05,16.41
1942.07,143.83,10.76,16.09
1942.08,142.13,10.48,15.77
1942.09,143.62,10.26,15.55
1942.10,152.36,9.97,15.86
1942.11,153.89,9.75,16.25
1942.12,153.79,9.53,16.64
1943.01,162.99,9.53,16.85
1943.02,172.69,9.53,17.07
1943.03,175.71,9.36,16.98
1943.04,179.49,9.26,16.95
1943.05,185.49,9.20,17.00
1943.06,188.76,9.20,17.16
1943.07,193.77,9.31,17.15
1943.08,185.26,9.42,17.15
1943.09,188.12,9.41,16.95
1943.10,186.40,9.47,16.21
1943.11,177.77,9.52,15.48
1943.12,180.12,9.57,14.75
1944.01,185.92,9.62,14.70
1944.02,184.67,9.68,14.64
1944.03,189.85,9.73,14.59
1944.04,185.49,9.72,14.46
1944.05,188.76,9.78,14.40
1944.06,196.53,9.77,14.27
1944.07,200.51,9.77,14.09
1944.08,197.58,9.82,13.98
1944.09,194.34,9.87,13.88
1944.10,199.12,9.87,14.04
1944.11,197.73,9.87,14.19
1944.12,200.92,9.82,14.26
1945.01,206.90,9.87,14.42
1945.02,213.80,9.92,14.57
1945.03,213.65,9.97,14.72
1945.04,219.02,9.97,14.93
1945.05,226.03,9.91,15.05
1945.06,227.60,9.80,15.08
1945.07,222.93,9.85,15.03
1945.08,223.68,9.90,14.98
1945.09,238.92,9.95,14.93
1945.10,248.87,9.95,14.78
1945.11,257.01,9.95,14.63
1945.12,259.95,9.90,14.40
1946.01,270.30,10.00,14.10
1946.02,272.55,10.16,13.88
1946.03,261.52,10.14,13.43
1946.04,276.86,10.09,13.06
1946.05,275.95,10.03,12.69
1946.06,271.25,9.93,12.26
1946.07,248.87,9.42,11.81
1946.08,239.22,9.28,11.80
1946.09,201.94,9.23,11.91
1946.10,193.60,9.14,12.43
1946.11,188.28,9.01,12.86
1946.12,192.12,9.02,13.46
1947.01,193.13,9.06,14.35
1947.02,200.63,9.10,15.24
1947.03,188.98,8.98,15.83
1947.04,182.00,9.14,16.54
1947.05,178.76,9.31,17.24
1947.06,184.15,9.43,17.87
1947.07,193.93,9.47,18.16
1947.08,187.58,9.46,18.36
1947.09,178.76,9.38,18.40
1947.10,183.39,9.57,18.64
1947.11,180.47,9.73,18.79
1947.12,175.35,9.80,18.78
1948.01,170.83,9.71,18.93
1948.02,163.80,9.84,19.48
1948.03,166.84,9.92,19.95
1948.04,176.65,9.75,20.19
1948.05,184.48,9.71,20.68
1948.06,190.54,9.63,21.07
1948.07,183.72,9.58,21.59
1948.08,177.62,9.62,22.29
1948.09,175.61,9.69,23.07
1948.10,181.14,9.96,23.98
1948.11,172.49,10.27,25.01
1948.12,172.07,10.53,25.94
1949.01,174.72,10.77,26.39
1949.02,169.42,11.05,26.96
1949.03,171.03,11.24,27.30
1949.04,170.08,11.35,27.26
1949.05,169.54,11.55,27.45
1949.06,159.58,11.65,27.41
1949.07,170.02,11.83,27.61
1949.08,175.39,11.85,27.45
1949.09,176.94,11.88,27.30
1949.10,183.04,12.36,27.26
1949.11,184.79,12.69,26.88
1949.12,191.33,13.19,26.84
1950.01,196.10,13.36,27.15
1950.02,199.93,13.48,27.34
1950.03,200.70,13.53,27.42
1950.04,206.37,13.65,28.07
1950.05,212.41,13.71,28.61
1950.06,214.96,13.76,29.14
1950.07,196.88,14.08,29.45
1950.08,207.06,14.46,29.88
1950.09,213.48,14.88,30.43
1950.10,220.51,15.28,30.63
1950.11,219.18,15.73,30.95
1950.12,215.67,16.05,31.01
1951.01,227.97,15.98,30.49
1951.02,233.70,15.97,30.10
1951.03,228.88,16.08,29.95
1951.04,231.95,16.22,29.56
1951.05,231.16,16.30,29.06
1951.06,227.15,16.44,28.67
1951.07,231.16,16.30,27.93
1951.08,241.28,16.16,27.19
1951.09,245.60,15.90,26.25
1951.10,243.41,15.46,25.91
1951.11,234.84,14.96,25.47
1951.12,241.17,14.53,25.14
1952.01,249.21,14.56,25.00
1952.02,246.53,14.71,25.05
1952.03,247.16,14.74,24.91
1952.04,245.50,14.79,24.61
1952.05,245.39,14.89,24.40
1952.06,251.16,14.94,24.11
1952.07,256.44,14.83,23.99
1952.08,257.46,14.83,24.06
1952.09,253.37,14.83,24.13
1952.10,248.05,14.69,24.27
1952.11,255.93,14.55,24.40
1952.12,266.25,14.42,24.54
1953.01,268.69,14.47,24.73
1953.02,266.41,14.53,24.93
1953.03,266.74,14.47,24.94
1953.04,253.61,14.51,25.21
1953.05,253.98,14.49,25.39
1953.06,243.97,14.47,25.57
1953.07,247.43,14.47,25.70
1953.08,247.53,14.41,25.74
1953.09,236.16,14.41,25.88
1953.10,242.37,14.46,25.65
1953.11,248.65,14.61,25.61
1953.12,251.99,14.72,25.47
1954.01,258.39,14.78,25.61
1954.02,264.07,14.85,25.74
1954.03,269.65,14.92,25.88
1954.04,281.46,14.91,26.21
1954.05,291.58,14.78,26.35
1954.06,293.91,14.72,26.59
1954.07,305.78,14.78,26.62
1954.08,311.87,14.85,26.66
1954.09,320.37,14.97,26.79
1954.10,327.81,15.21,27.27
1954.11,340.64,15.45,27.74
1954.12,357.56,15.75,28.32
1955.01,364.00,15.81,28.97
1955.02,376.17,15.88,29.62
1955.03,373.21,15.95,30.27
1955.04,386.09,15.98,31.15
1955.05,384.45,16.02,32.04
1955.06,406.74,16.05,32.92
1955.07,434.87,16.16,33.55
1955.08,432.22,16.33,34.30
1955.09,450.00,16.44,34.91
1955.10,427.37,16.51,35.52
1955.11,456.19,16.58,36.13
1955.12,462.17,16.71,36.88
1956.01,449.74,17.01,37.11
1956.02,452.59,17.32,37.35
1956.03,483.77,17.62,37.59
1956.04,487.65,17.79,37.14
1956.05,470.58,17.96,36.70
1956.06,464.41,18.07,36.13
1956.07,486.03,18.07,35.40
1956.08,484.91,18.27,35.07
1956.09,466.70,18.33,34.47
1956.10,459.04,17.94,34.18
1956.11,454.28,17.60,34.02
1956.12,459.36,17.21,33.73
1957.01,449.37,17.18,33.70
1957.02,428.43,17.08,33.54
1957.03,432.39,16.99,33.39
1957.04,440.82,16.93,33.33
1957.05,456.11,16.87,33.28
1957.06,461.97,16.81,33.23
1957.07,467.96,16.79,33.15
1957.08,442.21,16.88,33.31
1957.09,424.26,16.98,33.47
1957.10,397.83,17.07,33.15
1957.11,387.88,17.11,32.72
1957.12,387.68,17.21,32.40
1958.01,392.51,17.02,31.44
1958.02,393.85,16.96,30.70
1958.03,399.17,16.78,29.76
1958.04,399.96,16.59,29.00
1958.05,412.81,16.47,28.34
1958.06,422.73,16.34,27.68
1958.07,432.85,16.29,27.43
1958.08,450.60,16.34,27.36
1958.09,462.50,16.34,27.21
1958.10,481.30,16.41,27.24
1958.11,494.23,16.41,27.17
1958.12,505.29,16.53,27.30
1959.01,523.60,16.54,27.90
1959.02,517.38,16.66,28.69
1959.03,530.51,16.72,29.38
1959.04,537.53,16.73,30.19
1959.05,545.63,16.79,31.10
1959.06,539.06,16.79,31.90
1959.07,558.53,16.80,31.88
1959.08,555.36,16.86,31.98
1959.09,531.56,16.86,31.96
1959.10,529.29,16.87,31.73
1959.11,531.43,16.93,31.60
1959.12,548.42,16.99,31.48
1960.01,540.70,17.39,31.59
1960.02,517.96,17.67,31.48
1960.03,510.91,18.01,31.48
1960.04,515.74,17.98,30.97
1960.05,511.02,18.02,30.57
1960.06,528.11,17.98,30.07
1960.07,515.02,17.98,30.10
1960.08,521.20,17.98,30.13
1960.09,505.52,17.98,30.16
1960.10,492.23,17.86,29.96
1960.11,508.17,17.86,29.96
1960.12,520.35,17.86,29.96
1961.01,547.11,17.83,29.41
1961.02,569.55,17.80,28.86
1961.03,587.41,17.77,28.31
1961.04,603.08,17.77,28.12
1961.05,609.22,17.77,27.94
1961.06,601.16,17.77,27.76
1961.07,595.51,17.71,27.63
1961.08,618.96,17.83,27.79
1961.09,612.07,17.84,27.76
1961.10,618.81,18.02,28.18
1961.11,646.84,18.20,28.60
1961.12,652.84,18.38,29.03
1962.01,628.54,18.44,29.58
1962.02,636.89,18.44,30.02
1962.03,637.52,18.50,30.57
1962.04,615.16,18.50,30.77
1962.05,569.42,18.56,31.07
1962.06,502.89,18.62,31.37
1962.07,513.30,18.62,31.44
1962.08,527.27,18.68,31.63
1962.09,520.86,18.68,31.70
1962.10,504.43,18.83,32.12
1962.11,539.18,18.98,32.54
1962.12,562.53,19.13,32.96
1963.01,584.26,19.19,33.08
1963.02,591.99,19.25,33.20
1963.03,587.81,19.24,33.21
1963.04,615.47,19.39,33.60
1963.05,627.82,19.54,33.98
1963.06,625.50,19.63,34.26
1963.07,614.21,19.59,34.50
1963.08,631.20,19.62,34.86
1963.09,647.83,19.65,35.21
1963.10,647.32,19.80,35.28
1963.11,643.68,20.00,35.45
1963.12,655.30,20.14,35.52
1964.01,675.44,20.29,35.99
1964.02,683.74,20.44,36.46
1964.03,696.20,20.59,36.93
1964.04,706.27,20.73,37.37
1964.05,713.17,20.88,37.81
1964.06,706.64,20.96,38.13
1964.07,730.52,21.07,38.42
1964.08,722.14,21.31,38.95
1964.09,732.19,21.42,39.24
1964.10,744.83,21.59,39.47
1964.11,747.61,21.70,39.58
1964.12,734.66,21.88,39.81
1965.01,753.56,22.02,40.19
1965.02,759.07,22.17,40.57
1965.03,757.34,22.24,40.82
1965.04,764.84,22.34,41.15
1965.05,776.23,22.52,41.62
1965.06,734.69,22.55,41.81
1965.07,733.57,22.69,42.22
1965.08,747.22,22.84,42.62
1965.09,772.18,22.98,43.02
1965.10,787.06,23.08,43.49
1965.11,793.60,23.25,44.09
1965.12,787.50,23.35,44.56
1966.01,801.15,23.52,44.99
1966.02,790.77,23.55,45.13
1966.03,755.90,23.64,45.42
1966.04,774.21,23.64,45.47
1966.05,733.47,23.78,45.81
1966.06,725.14,23.85,46.01
1966.07,721.06,23.94,46.00
1966.08,673.32,23.96,45.86
1966.09,649.61,24.13,46.00
1966.10,640.02,23.93,45.83
1966.11,672.05,23.87,45.94
1966.12,674.87,23.82,46.05
1967.01,700.76,23.90,45.78
1967.02,724.91,23.98,45.50
1967.03,739.76,23.99,45.09
1967.04,750.22,23.92,44.62
1967.05,761.37,23.85,44.16
1967.06,749.57,23.78,43.70
1967.07,760.24,23.76,43.48
1967.08,770.03,23.74,43.27
1967.09,778.46,23.73,43.06
1967.10,774.94,23.65,43.02
1967.11,748.42,23.58,42.97
1967.12,767.47,23.52,42.92
1968.01,760.89,23.46,42.97
1968.02,724.42,23.47,43.13
1968.03,709.09,23.48,43.30
1968.04,759.25,23.52,43.52
1968.05,774.46,23.55,43.73
1968.06,790.69,23.52,43.82
1968.07,784.59,23.49,43.81
1968.08,765.27,23.53,43.91
1968.09,787.90,23.57,44.02
1968.10,802.77,23.54,44.03
1968.11,812.84,23.57,44.16
1968.12,819.01,23.61,44.30
1969.01,782.20,23.62,44.32
1969.02,774.02,23.56,44.23
1969.03,750.95,23.44,44.01
1969.04,761.85,23.39,43.82
1969.05,784.51,23.40,43.75
1969.06,739.50,23.35,43.56
1969.07,702.61,23.27,43.45
1969.08,694.90,23.19,43.34
1969.09,695.46,23.18,43.34
1969.10,699.12,23.08,42.84
1969.11,700.42,22.98,42.35
1969.12,659.77,22.88,41.86
1970.01,652.25,22.85,41.38
1970.02,626.18,22.75,40.81
1970.03,633.55,22.65,40.24
1970.04,609.47,22.50,39.66
1970.05,537.94,22.47,39.30
1970.06,531.86,22.37,38.84
1970.07,530.05,22.28,38.27
1970.08,545.45,22.31,37.89
1970.09,575.12,22.22,37.33
1970.10,584.60,21.99,36.61
1970.11,581.03,21.76,35.89
1970.12,617.69,21.54,35.19
1971.01,641.28,21.47,35.39
1971.02,664.44,21.35,35.51
1971.03,679.78,21.23,35.63
1971.04,701.23,21.15,35.76
1971.05,688.27,21.02,35.81
1971.06,670.54,20.85,35.77
1971.07,664.06,20.77,35.93
1971.08,650.66,20.70,36.09
1971.09,665.11,20.68,36.33
1971.10,649.40,20.58,36.85
1971.11,619.30,20.54,37.45
1971.12,658.73,20.39,37.86
1972.01,686.16,20.39,38.11
1972.02,695.40,20.29,38.16
1972.03,710.20,20.24,38.31
1972.04,715.73,20.20,38.57
1972.05,706.79,20.15,38.83
1972.06,707.06,20.10,39.08
1972.07,698.47,20.02,39.27
1972.08,721.51,20.00,39.54
1972.09,709.42,19.97,39.82
1972.10,707.36,20.03,40.23
1972.11,741.10,20.13,40.74
1972.12,754.77,20.23,41.24
1973.01,758.77,20.23,41.95
1973.02,726.74,20.13,42.47
1973.03,708.67,19.99,42.87
1973.04,690.65,19.95,43.48
1973.05,666.65,19.92,44.07
1973.06,647.30,19.89,44.66
1973.07,652.00,19.95,45.50
1973.08,628.33,19.69,45.62
1973.09,637.81,19.75,46.45
1973.10,657.36,19.80,46.98
1973.11,606.67,19.89,47.60
1973.12,560.07,19.97,48.22
1974.01,563.05,19.92,48.20
1974.02,540.51,19.78,47.97
1974.03,556.51,19.65,47.75
1974.04,525.87,19.68,48.27
1974.05,503.71,19.55,48.38
1974.06,500.26,19.50,48.69
1974.07,438.30,19.51,48.98
1974.08,415.13,19.44,49.07
1974.09,367.53,19.37,49.15
1974.10,370.98,19.20,48.28
1974.11,380.30,19.07,47.51
1974.12,352.80,18.94,46.76
1975.01,380.21,18.99,45.81
1975.02,416.52,18.96,44.70
1975.03,434.01,19.01,43.77
1975.04,437.22,19.01,42.77
1975.05,462.36,18.97,41.69
1975.06,470.62,18.90,40.54
1975.07,465.87,18.69,39.76
1975.08,430.92,18.65,39.35
1975.09,423.35,18.55,38.80
1975.10,440.43,18.40,38.92
1975.11,444.65,18.22,38.97
1975.12,436.31,18.10,39.16
1976.01,475.59,18.09,40.23
1976.02,492.19,18.04,41.23
1976.03,493.75,18.02,42.29
1976.04,495.88,18.07,43.10
1976.05,488.99,18.06,43.74
1976.06,489.29,18.07,44.46
1976.07,498.19,18.12,44.70
1976.08,491.31,18.17,44.95
1976.09,500.03,18.25,45.26
1976.10,480.47,18.47,45.59
1976.11,476.34,18.75,46.08
1976.12,491.12,19.00,46.49
1977.01,484.41,19.12,46.51
1977.02,466.55,19.14,46.30
1977.03,461.58,19.22,46.25
1977.04,450.68,19.32,46.38
1977.05,447.13,19.48,46.66
1977.06,446.56,19.61,46.86
1977.07,448.44,19.72,47.07
1977.08,436.05,19.87,47.34
1977.09,427.87,20.01,47.62
1977.10,415.44,20.19,47.73
1977.11,415.81,20.35,47.76
1977.12,412.45,20.53,47.87
1978.01,394.22,20.59,47.61
1978.02,386.20,20.65,47.35
1978.03,382.46,20.67,47.02
1978.04,396.09,20.66,47.10
1978.05,412.30,20.63,47.09
1978.06,408.92,20.56,47.02
1978.07,403.85,20.55,47.13
1978.08,429.77,20.61,47.39
1978.09,426.54,20.61,47.50
1978.10,409.30,20.49,48.10
1978.11,383.62,20.47,48.92
1978.12,387.57,20.44,49.72
1979.01,398.55,20.44,50.58
1979.02,388.09,20.37,51.27
1979.03,391.51,20.34,52.02
1979.04,394.81,20.29,52.31
1979.05,380.79,20.21,52.51
1979.06,384.02,20.16,52.79
1979.07,383.55,20.15,53.02
1979.08,397.30,20.17,53.32
1979.09,397.43,20.16,53.54
1979.10,379.37,20.17,53.39
1979.11,373.00,20.15,53.17
1979.12,383.70,20.11,52.89
1980.01,389.15,20.00,52.65
1980.02,398.95,19.90,52.41
1980.03,356.85,19.77,52.11
1980.04,347.15,19.71,51.14
1980.05,359.44,19.67,50.25
1980.06,378.31,19.61,49.32
1980.07,395.47,19.75,48.99
1980.08,404.75,19.75,48.31
1980.09,411.13,19.73,47.58
1980.10,419.16,19.64,47.32
1980.11,433.29,19.57,47.13
1980.12,422.32,19.49,46.88
1981.01,417.35,19.46,46.25
1981.02,398.79,19.38,45.53
1981.03,410.89,19.37,44.98
1981.04,411.80,19.35,45.11
1981.05,400.38,19.31,45.20
1981.06,398.66,19.25,45.23
1981.07,384.77,19.17,44.99
1981.08,383.33,19.16,44.91
1981.09,346.53,19.10,44.73
1981.10,350.17,19.16,44.72
1981.11,358.08,19.21,44.67
1981.12,359.55,19.26,44.61
1982.01,339.59,19.28,43.94
1982.02,330.43,19.31,43.27
1982.03,320.09,19.41,42.78
1982.04,334.57,19.42,41.99
1982.05,331.71,19.32,40.99
1982.06,308.75,19.17,39.88
1982.07,306.32,19.11,39.11
1982.08,306.53,19.10,38.46
1982.09,341.32,19.10,37.81
1982.10,368.92,19.06,36.85
1982.11,384.71,19.12,36.07
1982.12,389.92,19.22,35.36
1983.01,402.81,19.21,35.08
1983.02,409.37,19.23,34.84
1983.03,423.59,19.27,34.63
1983.04,436.64,19.16,34.55
1983.05,451.61,19.07,34.49
1983.06,456.56,19.04,34.54
1983.07,456.37,19.02,35.05
1983.08,442.47,19.02,35.59
1983.09,453.29,18.98,36.06
1983.10,453.29,19.00,36.61
1983.11,445.65,19.05,37.19
1983.12,443.06,19.11,37.81
1984.01,445.81,19.08,38.69
1984.02,419.37,19.06,39.59
1984.03,418.82,19.10,40.60
1984.04,417.32,19.13,41.24
1984.05,413.46,19.19,41.95
1984.06,403.05,19.24,42.65
1984.07,396.26,19.23,42.80
1984.08,429.49,19.22,42.95
1984.09,431.86,19.19,43.06
1984.10,427.26,19.26,43.00
1984.11,431.15,19.39,43.07
1984.12,426.49,19.52,43.14
1985.01,444.05,19.60,42.84
1985.02,465.91,19.62,42.43
1985.03,460.31,19.65,42.05
1985.04,461.22,19.63,41.19
1985.05,470.44,19.62,40.38
1985.06,479.28,19.64,39.61
1985.07,487.51,19.69,39.21
1985.08,475.99,19.73,38.82
1985.09,464.08,19.76,38.39
1985.10,467.65,19.74,37.73
1985.11,494.66,19.74,37.11
1985.12,517.78,19.73,36.49
1986.01,518.61,19.78,36.32
1986.02,548.00,19.93,36.34
1986.03,582.89,20.12,36.43
1986.04,598.29,20.23,36.66
1986.05,597.90,20.24,36.72
1986.06,611.58,20.19,36.67
1986.07,598.86,20.30,36.79
1986.08,609.71,20.37,36.84
1986.09,590.35,20.39,36.79
1986.10,587.59,20.41,36.45
1986.11,606.10,20.43,36.11
1986.12,614.19,20.46,35.77
1987.01,649.36,20.38,36.06
1987.02,687.16,20.35,36.43
1987.03,712.34,20.31,36.77
1987.04,700.80,20.35,36.03
1987.05,697.84,20.42,35.35
1987.06,724.96,20.49,34.68
1987.07,743.92,20.55,35.74
1987.08,786.08,20.55,36.70
1987.09,756.57,20.56,37.65
1987.10,663.45,20.62,38.85
1987.11,579.60,20.72,40.11
1987.12,570.14,20.84,41.40
1988.01,591.07,20.90,42.15
1988.02,607.43,20.95,42.90
1988.03,622.63,20.97,43.56
1988.04,612.22,21.08,45.73
1988.05,595.03,21.23,47.96
1988.06,626.29,21.35,50.14
1988.07,619.96,21.44,50.74
1988.08,604.97,21.53,51.34
1988.09,610.72,21.56,51.80
1988.10,630.04,21.69,52.40
1988.11,614.99,21.88,53.14
1988.12,626.43,22.09,53.81
1989.01,643.39,22.12,54.47
1989.02,660.06,22.22,55.14
1989.03,653.38,22.34,55.72
1989.04,670.42,22.37,55.55
1989.05,692.21,22.48,55.42
1989.06,712.10,22.81,55.48
1989.07,728.37,22.87,54.23
1989.08,759.41,23.11,53.02
1989.09,758.51,23.43,51.74
1989.10,755.11,23.47,50.92
1989.11,737.69,23.69,50.23
1989.12,754.71,23.94,49.51
1990.01,728.52,23.87,48.19
1990.02,704.80,23.95,47.09
1990.03,717.95,24.01,45.97
1990.04,716.25,24.22,45.61
1990.05,740.09,24.41,45.21
1990.06,757.41,24.51,44.68
1990.07,753.75,24.55,44.84
1990.08,686.14,24.44,44.77
1990.09,648.89,24.34,44.73
1990.10,628.05,24.39,44.18
1990.11,643.31,24.51,43.81
1990.12,670.78,24.67,43.54
1991.01,660.18,24.56,42.97
1991.02,733.67,24.53,42.58
1991.03,752.84,24.49,42.35
1991.04,766.67,24.49,41.12
1991.05,761.01,24.44,39.98
1991.06,759.37,24.39,38.96
1991.07,762.14,24.44,37.76
1991.08,778.24,24.46,36.63
1991.09,770.46,24.43,35.46
1991.10,768.70,24.35,34.18
1991.11,764.57,24.22,32.86
1991.12,769.14,24.15,31.62
1992.01,822.53,24.20,31.72
1992.02,812.63,24.19,31.76
1992.03,798.35,24.14,31.73
1992.04,797.31,24.11,32.26
1992.05,810.63,24.08,32.77
1992.06,795.00,23.99,33.20
1992.07,806.48,23.98,33.77
1992.08,809.77,23.96,34.31
1992.09,808.54,23.96,34.85
1992.10,794.17,23.85,35.41
1992.11,812.93,23.81,36.03
1992.12,838.13,23.84,36.73
1993.01,833.23,23.76,37.03
1993.02,842.67,23.75,37.37
1993.03,855.81,23.73,37.72
1993.04,840.02,23.69,37.29
1993.05,842.96,23.68,36.92
1993.06,847.10,23.67,36.55
1993.07,845.65,23.67,37.23
1993.08,856.21,23.60,37.80
1993.09,864.05,23.56,38.40
1993.10,869.23,23.50,39.16
1993.11,866.74,23.52,40.05
1993.12,872.47,23.56,40.99
1994.01,883.23,23.57,41.37
1994.02,877.59,23.57,41.75
1994.03,860.20,23.57,42.12
1994.04,828.33,23.62,43.60
1994.05,834.56,23.68,45.11
1994.06,838.99,23.68,46.48
1994.07,830.41,23.68,47.67
1994.08,850.60,23.64,48.77
1994.09,853.29,23.61,49.94
1994.10,846.97,23.76,51.90
1994.11,840.73,23.88,53.82
1994.12,830.12,24.02,55.80
1995.01,845.07,23.94,56.76
1995.02,871.87,23.84,57.71
1995.03,889.24,23.75,58.69
1995.04,912.84,23.80,59.63
1995.05,939.56,23.87,60.63
1995.06,965.54,23.92,61.64
1995.07,997.79,24.06,62.08
1995.08,998.29,24.12,62.37
1995.09,1031.37,24.20,62.69
1995.10,1035.39,24.25,61.76
1995.11,1058.47,24.39,61.08
1995.12,1093.03,24.53,60.40
1996.01,1086.39,24.57,60.09
1996.02,1144.78,24.67,59.95
1996.03,1134.57,24.72,59.69
1996.04,1130.39,24.73,59.96
1996.05,1152.73,24.78,60.35
1996.06,1164.66,24.86,60.82
1996.07,1119.96,25.04,61.34
1996.08,1150.12,25.22,61.85
1996.09,1167.58,25.36,62.28
1996.10,1209.73,25.42,63.65
1996.11,1266.33,25.51,65.10
1996.12,1279.38,25.65,66.67
1997.01,1314.77,25.66,67.32
1997.02,1365.68,25.67,67.97
1997.03,1351.64,25.70,68.66
1997.04,1301.84,25.72,68.75
1997.05,1420.59,25.79,68.97
1997.06,1492.39,25.82,69.06
1997.07,1573.88,25.88,69.02
1997.08,1574.25,25.93,68.95
1997.09,1586.91,25.96,68.83
1997.10,1606.87,25.99,68.14
1997.11,1587.17,26.11,67.66
1997.12,1628.83,26.23,67.23
1998.01,1627.48,26.27,67.00
1998.02,1726.28,26.31,66.78
1998.03,1812.44,26.32,66.55
1998.04,1868.52,26.46,66.11
1998.05,1858.73,26.58,65.67
1998.06,1856.40,26.71,65.27
1998.07,1934.74,26.79,64.70
1998.08,1795.44,26.87,64.13
1998.09,1703.16,26.93,63.56
1998.10,1718.70,26.91,63.20
1998.11,1905.08,26.94,62.98
1998.12,1982.23,26.98,62.81
1999.01,2074.97,27.06,63.03
1999.02,2068.82,27.16,63.32
1999.03,2120.59,27.22,63.50
1999.04,2192.50,27.02,64.49
1999.05,2188.08,27.02,65.93
1999.06,2172.44,27.02,67.38
1999.07,2261.63,27.04,68.78
1999.08,2168.81,27.08,70.22
1999.09,2143.33,27.06,71.48
1999.10,2110.03,27.04,73.63
1999.11,2256.37,27.05,75.86
1999.12,2317.49,27.07,78.14
2000.01,2305.63,27.03,79.40
2000.02,2233.01,26.91,80.43
2000.03,2299.81,26.73,81.25
2000.04,2328.99,26.68,81.71
2000.05,2258.01,26.62,82.13
2000.06,2315.08,26.45,82.22
2000.07,2327.16,26.20,82.96
2000.08,2346.85,26.02,83.90
2000.09,2307.32,25.70,84.40
2000.10,2181.11,25.61,82.32
2000.11,2160.88,25.55,80.34
2000.12,2088.21,25.53,78.45
2001.01,2082.42,25.21,75.59
2001.02,2027.72,24.96,72.93
2001.03,1837.35,24.74,70.40
2001.04,1836.23,24.50,65.68
2001.05,1951.69,24.25,60.95
2001.06,1899.84,24.06,56.43
2001.07,1852.50,24.16,52.24
2001.08,1812.59,24.18,47.89
2001.09,1599.49,24.10,43.35
2001.10,1653.98,24.18,41.64
2001.11,1738.48,24.22,39.85
2001.12,1768.93,24.32,38.15
2002.01,1757.66,24.26,38.07
2002.02,1690.02,24.16,37.92
2002.03,1761.68,24.02,37.71
2002.04,1688.32,24.04,38.54
2002.05,1638.70,24.20,39.57
2002.06,1538.80,24.34,40.58
2002.07,1369.70,24.19,42.20
2002.08,1378.69,23.99,43.72
2002.09,1308.92,23.83,45.31
2002.10,1286.91,23.93,44.00
2002.11,1370.18,24.06,42.77
2002.12,1356.99,24.25,41.64
2003.01,1345.99,24.22,42.82
2003.02,1248.02,24.11,43.85
2003.03,1254.79,24.04,44.94
2003.04,1321.99,24.07,47.13
2003.05,1392.48,24.08,49.30
2003.06,1468.30,24.03,51.35
2003.07,1473.44,24.21,53.28
2003.08,1463.41,24.33,55.07
2003.09,1502.75,24.46,56.87
2003.10,1532.85,24.88,61.93
2003.11,1553.53,25.34,67.11
2003.12,1600.75,25.76,72.20
2004.01,1669.45,25.94,73.45
2004.02,1676.37,26.11,74.65
2004.03,1637.41,26.25,75.75
2004.04,1645.80,26.45,77.52
2004.05,1592.08,26.57,79.07
2004.06,1630.19,26.77,80.81
2004.07,1593.98,27.08,81.71
2004.08,1568.78,27.33,82.45
2004.09,1606.76,27.54,83.05
2004.10,1597.70,27.53,82.99
2004.11,1670.81,27.65,83.32
2004.12,1720.38,27.89,84.00
2005.01,1691.29,28.21,84.62
2005.02,1707.52,28.42,84.92
2005.03,1687.59,28.57,85.05
2005.04,1633.57,28.71,85.90
2005.05,1654.70,29.07,87.42
2005.06,1687.50,29.38,88.79
2005.07,1707.65,29.49,89.88
2005.08,1701.78,29.59,90.91
2005.09,1683.50,29.48,91.28
2005.10,1633.58,29.77,92.63
2005.11,1709.54,30.35,94.93
2005.12,1750.76,30.82,96.87
2006.01,1760.45,30.85,97.44
2006.02,1754.05,31.04,98.54
2006.03,1767.74,31.13,99.29
2006.04,1764.25,31.16,99.28
2006.05,1739.14,31.30,99.61
2006.06,1686.15,31.54,100.23
2006.07,1690.66,31.74,101.76
2006.08,1723.37,31.97,103.38
2006.09,1773.03,32.43,105.72
2006.10,1844.43,32.96,107.62
2006.11,1881.40,33.36,109.11
2006.12,1916.19,33.66,110.27
2007.01,1920.80,33.83,110.67
2007.02,1938.26,33.92,110.82
2007.03,1870.45,33.89,110.54
2007.04,1933.26,33.97,110.61
2007.05,1983.88,34.06,110.71
2007.06,1984.04,34.29,111.27
2007.07,1993.09,34.65,108.54
2007.08,1909.97,35.07,105.97
2007.09,1960.37,35.33,102.92
2007.10,2011.77,35.58,97.29
2007.11,1900.83,35.69,91.34
2007.12,1922.68,36.04,86.02
2008.01,1783.24,36.11,83.10
2008.02,1747.26,36.25,80.37
2008.03,1683.75,36.18,77.21
2008.04,1741.63,36.14,72.92
2008.05,1768.36,36.01,68.53
2008.06,1673.40,35.82,64.09
2008.07,1560.50,35.69,61.51
2008.08,1596.84,35.89,59.51
2008.09,1518.54,36.00,57.34
2008.10,1221.23,36.17,44.87
2008.11,1134.86,36.68,32.43
2008.12,1139.60,36.87,19.32
2009.01,1119.17,36.22,15.78
2009.02,1035.99,35.56,12.27
2009.03,971.74,34.99,8.80
2009.04,1085.85,34.19,9.06
2009.05,1151.99,33.38,9.31
2009.06,1172.19,32.39,9.51
2009.07,1186.35,31.73,11.65
2009.08,1277.18,30.94,13.74
2009.09,1320.40,30.21,15.85
2009.10,1348.31,29.56,32.01
2009.11,1373.12,28.91,48.16
2009.12,1403.74,28.33,64.44
2010.01,1415.59,28.02,68.40
2010.02,1371.89,27.80,72.56
2010.03,1445.17,27.47,76.43
2010.04,1499.35,27.48,78.88
2010.05,1407.77,27.52,81.39
2010.06,1356.92,27.61,84.04
2010.07,1352.17,27.73,86.01
2010.08,1359.66,27.82,87.88
2010.09,1402.36,27.93,89.81
2010.10,1462.41,28.06,91.98
2010.11,1495.87,28.20,94.23
2010.12,1546.41,28.31,96.34
2011.01,1590.02,28.47,97.52
2011.02,1629.71,28.62,98.67
2011.03,1593.66,28.62,99.33
2011.04,1616.26,28.81,99.73
2011.05,1616.91,29.04,100.30
2011.06,1556.93,29.44,101.44
2011.07,1601.35,29.75,102.60
2011.08,1428.38,30.01,103.57
2011.09,1412.46,30.30,104.66
2011.10,1455.58,30.86,104.86
2011.11,1479.98,31.39,104.94
2011.12,1504.09,31.97,105.19
2012.01,1566.46,32.20,105.36
2012.02,1621.84,32.43,105.54
2012.03,1653.36,32.55,105.37
2012.04,1645.04,32.84,104.81
2012.05,1593.33,33.26,104.69
2012.06,1574.50,33.69,104.60
2012.07,1620.33,34.25,104.20
2012.08,1663.11,34.56,103.06
2012.09,1702.88,34.91,102.05
2012.10,1696.93,35.58,102.09
2012.11,1653.65,36.40,102.58
2012.12,1691.15,37.16,102.86
2013.01,1755.05,37.39,103.03
2013.02,1778.32,37.42,102.66
2013.03,1818.86,37.66,102.86
2013.04,1844.08,38.15,104.24
2013.05,1921.83,38.54,105.32
2013.06,1892.60,38.90,106.33
2013.07,1950.18,39.32,107.63
2013.08,1949.48,39.72,108.83
2013.09,1967.13,40.11,110.03
2013.10,2010.62,40.44,112.59
2013.11,2089.13,40.75,115.09
2013.12,2117.71,40.99,117.38
2014.01,2126.87,41.32,117.20
2014.02,2112.85,41.65,117.02
2014.03,2153.03,41.86,116.52
2014.04,2146.81,42.16,117.01
2014.05,2168.61,42.46,117.47
2014.06,2230.24,42.82,118.12
2014.07,2260.91,43.26,119.25
2014.08,2251.42,43.75,120.53
2014.09,2286.08,44.15,121.53
2014.10,2227.49,44.62,120.44
2014.11,2363.63,45.23,119.68
2014.12,2388.39,45.85,118.95
2015.01,2369.20,46.60,118.32
2015.02,2421.79,46.93,116.62
2015.03,2404.90,47.18,114.75
2015.04,2417.18,47.45,112.85
2015.05,2424.53,47.56,110.62
2015.06,2401.60,47.75,108.58
2015.07,2395.55,48.04,106.95
2015.08,2336.77,48.40,105.48
2015.09,2230.89,48.77,104.02
2015.10,2324.18,49.13,102.48
2015.11,2393.30,49.57,101.12
2015.12,2370.87,50.08,99.88
2016.01,2210.84,50.19,99.68
2016.02,2192.70,50.33,99.56
2016.03,2318.04,50.31,99.10
2016.04,2368.24,50.29,98.81
2016.05,2347.35,50.31,98.60
2016.06,2360.44,50.36,98.45
2016.07,2438.02,50.66,99.44
2016.08,2460.78,50.83,100.16
2016.09,2439.88,50.92,100.74
2016.10,2420.28,51.11,102.67
2016.11,2448.90,51.44,104.89
2016.12,2540.41,51.68,106.91
2017.01,2557.72,51.63,108.45
2017.02,2611.10,51.72,110.25
2017.03,2650.31,51.94,112.30
2017.04,2634.09,52.09,113.36
2017.05,2672.05,52.36,114.65
2017.06,2712.69,52.63,115.93
2017.07,2736.99,53.02,117.15
2017.08,2731.18,53.21,117.93
2017.09,2757.30,53.28,118.44
2017.10,2830.05,53.59,119.55
2017.11,2870.50,53.87,120.58
2017.12,2950.52,54.19,121.68
2018.01,3072.71,54.28,123.06
2018.02,2966.04,54.43,124.54
2018.03,2956.73,54.70,126.29
2018.04,2891.48,54.84,128.34
2018.05,2931.44,54.97,130.36
2018.06,2984.04,55.24,132.69
2018.07,3026.40,55.73,135.54
2018.08,3094.21,56.18,138.32
2018.09,3137.86,56.60,141.01
2018.10,3007.05,57.01,141.48
2018.11,2949.75,57.71,142.68
2018.12,2789.77,58.41,143.86
2019.01,2827.94,58.73,144.31
2019.02,2975.30,58.91,144.42
2019.03,3011.36,59.00,144.33
2019.04,3102.14,59.10,143.88
2019.05,3043.22,59.38,143.89
2019.06,3080.41,59.77,144.17
2019.07,3188.00,60.07,143.09
2019.08,3083.22,60.48,142.26
2019.09,3170.82,60.84,141.31
2019.10,3158.84,61.06,143.31
2019.11,3295.57,61.46,145.71
2019.12,3374.90,61.87,148.17
2020.01,3469.22,62.11,139.43
2020.02,3458.80,62.41,130.91
2020.03,2805.38,63.02,123.04
2020.04,2940.95,63.48,117.80
2020.05,3108.75,63.51,111.73
2020.06,3287.79,63.20,105.08
2020.07,3379.72,62.59,104.20
2020.08,3562.46,62.10,103.52
2020.09,3530.03,61.73,103.02
2020.10,3584.33,61.50,101.55
2020.11,3723.20,61.34,100.18
2020.12,3873.06,61.08,98.66
2021.01,3959.39,60.60,110.09
2021.02,4030.92,60.05,121.28
2021.03,4030.48,59.40,132.13
2021.04,4233.43,59.00,141.46
2021.05,4226.81,58.61,150.66
2021.06,4258.88,58.14,159.50
2021.07,4363.71,,
2021.08,4443.57,,
2021.09,4477.20,,
,,,
,,,
,,,
,,,
,,,
,,,
,,,
,,,
,,,
,,,
,,,
,,,
,,,
,,,
,,,
,,,
,,,
,,,
,,,
,,,
,,,
,,,
,,,
,,,
,,,
,,,
,,,
,,,
,,,
,,,
,,,
,,,
,,,
,,,
,,,
,,,
,,,
,,,
,,,
,,,
,,,
,,,
,,,
,,,
,,,
,,,
,,,
,,,
,,,
,,,
,,,
,,,
,,,
,,,
,,,
,,,
,,,
,,,
,,,
,,,
,,,
,,,
,,,
,,,
,,,
,,,
,,,
,,,
,,,
,,,
,,,
,,,
,,,
,,,
,,,
,,,
,,,
,,,
,,,
,,,
,,,
,,,
,,,
,,,
,,,
,,,
,,,
,,,
,,,
,,,
,,,
,,,
,,,
,,,
,,,
,,,
,,,
,,,
,,,
,,,
,,,
,,,
,,,
,,,
,,,
,,,
,,,
,,,
,,,
,,,
,,,
,,,
,,,
,,,
,,,
,,,
,,,
,,,
,,,
,,,
,,,
,,,
,,,
,,,
,,,
,,,
,,,
,,,
,,,
,,,
,,,
,,,
,,,
,,,
,,,
,,,
,,,
,,,
,,,
,,,
,,,
,,,
,,,
,,,
,,,
,,,
,,,
,,,
,,,
,,,
,,,
,,,
,,,
,,,
,,,
,,,
,,,
,,,
,,,
,,,
,,,
,,,
,,,
,,,
,,,
,,,
,,,
,,,
,,,
,,,
,,,
,,,
,,,
,,,
,,,
,,,
,,,
,,,
,,,
,,,
,,,
,,,
,,,
,,,
,,,
,,,
,,,
,,,
,,,
,,,
,,,
,,,
,,,
,,,
,,,
,,,
,,,
,,,
,,,
,,,
,,,
,,,
,,,
,,,
,,,
,,,
,,,
,,,
,,,
,,,
,,,
,,,
,,,
,,,
,,,
,,,
,,,
,,,
,,,
,,,
,,,
,,,
,,,
,,,
,,,
,,,
,,,
,,,
,,,
,,,
,,,
,,,
,,,
,,,
,,,
,,,
,,,
,,,
,,,
,,,
,,,
,,,
,,,
,,,
,,,
,,,
,,,
,,,
,,,
,,,
,,,
,,,
,,,
,,,
,,,
,,,
,,,
,,,
,,,
,,,
,,,
,,,
,,,
,,,
,,,
,,,
,,,
,,,
,,,
,,,
,,,
,,,
,,,
,,,
,,,
,,,
,,,
,,,
,,,
,,,
,,,
,,,
,,,
,,,
,,,
,,,
,,,
,,,
,,,
,,,
,,,
,,,
,,,
,,,
,,,
,,,
,,,
,,,
,,,
,,,
,,,
,,,
,,,
,,,
,,,
,,,
,,,
,,,
,,,
,,,
,,,
,,,
,,,
,,,
,,,
,,,
,,,
,,,
,,,
,,,
,,,
,,,
,,,
,,,
,,,
,,,
,,,
,,,
,,,
,,,
,,,
,,,
,,,
,,,
,,,
,,,
,,,
,,,
,,,
,,,
,,,
,,,
,,,
,,,
,,,
,,,
,,,
,,,
,,,
,,,
,,,
,,,
,,,
,,,
,,,
,,,
,,,
,,,
,,,
,,,
,,,
,,,
,,,
,,,
,,,
,,,
,,,
,,,
,,,
,,,
,,,
,,,
,,,
,,,
,,,
,,,
,,,
,,,
,,,
,,,
,,,
,,,
,,,
,,,
,,,
,,,
,,,
,,,
,,,
,,,
,,,
,,,
,,,
,,,
,,,
,,,
,,,
,,,
,,,
,,,
,,,
,,,
,,,
,,,
,,,
,,,
,,,
,,,
,,,
,,,
,,,
,,,
,,,
,,,
,,,
,,,
,,,
,,,
,,,
,,,
,,,
,,,
,,,
,,,
,,,
,,,
,,,
,,,
,,,
,,,
,,,
,,,
,,,
,,,
,,,
,,,
,,,
,,,
,,,
,,,
,,,
,,,
,,,
,,,
,,,
,,,
,,,
,,,
,,,
,,,
,,,
,,,
,,,
,,,
,,,
,,,
,,,
,,,
,,,
,,,
,,,
,,,
,,,
,,,
,,,
,,,
,,,
,,,
,,,
,,,
,,,
,,,
,,,
,,,
,,,
,,,
,,,
,,,
,,,
,,,
,,,
,,,
,,,
,,,
,,,
,,,
,,,
,,,
,,,
,,,
,,,
,,,
,,,
,,,
,,,
,,,
,,,
,,,
,,,
,,,
,,,
,,,
,,,
,,,
,,,
,,,
,,,
,,,
,,,
,,,
,,,
,,,
,,,
,,,
,,,
,,,
,,,
,,,
,,,
,,,
,,,
,,,
,,,
,,,
,,,
,,,
,,,
,,,
,,,
,,,
,,,
,,,
,,,
,,,
,,,
,,,
,,,
,,,
,,,
,,,
,,,
,,,
,,,
,,,
,,,
,,,
,,,
,,,
,,,
,,,
,,,
,,,
,,,
,,,
,,,
,,,
,,,
,,,
,,,
,,,
,,,
,,,
,,,
,,,
,,,
,,,
,,,
,,,
,,,
,,,
,,,
,,,
,,,
,,,
,,,
,,,
,,,
,,,
,,,
,,,
,,,
,,,
,,,
,,,
,,,
,,,
,,,
,,,
,,,
,,,
,,,
,,,
,,,
,,,
,,,
,,,
,,,
,,,
,,,
,,,
,,,
,,,
,,,
,,,
,,,
,,,
,,,
,,,
,,,
,,,
,,,
,,,
,,,
,,,
,,,
,,,
,,,
,,,
,,,
,,,
,,,
,,,
,,,
,,,
,,,
,,,
